Year,EDD,Location
Average EDD from 2010-2019,0.429321833,Dickinson
Average EDD from 2010-2019,0.398579235,Minot
Average EDD from 2010-2019,0.311967213,Fargo
Average EDD from 2010-2019,0.236775956,Grandforks
2020,0.652459016,Dickinson
2020,0.380874317,Minot
2020,0.346448087,Fargo
2020,0.279781421,Grandforks
